fname,lname,mobile,office
DcgTLTbOBl,UApOSjtDZY,8153277698,xOgUHrKCic
sfwntGoOUK,IQgCItxycK,8198959606,dsmKuBbfVS
xXCZQUvYOJ,erMkqawbnL,8742826353,PtUbrUbvVu
VoeNSQrnTz,aaTZADIKUj,9886764933,pBdLeBrtTu
cOJtWqBSpN,UTRSbIMBHn,7167084281,hbOxoxXgzf
AmWuHSldMf,UOBbWwvPqp,6506418248,KBRbpnSjaV
YJJbuqdzjz,oGgvOQHVhe,2473132793,oWHdRqjiwX
NUttvbStLB,vRUzFSFGlr,7395775302,orVgUKIzCK
BiJsbFCPfj,fvCXwEreVr,5934783429,KbbRobbXlK
DbUalBaYYT,igoVaTBeFZ,8759483402,ODRpXUPXRn
jMgaOocFyS,iNRsTkMefc,1362803150,DtBmXssOpd
viDNAuOssL,dNmWRTHWPe,4808909320,yjnucoWjMx
XuTiEfmJlM,whPnhRQWuw,9402967543,zZuqPMpRsE
AetDtfDypq,OywZwDDpmm,6916984788,spkEFHFiwK
hRULenKiqc,sBGrYlmmfw,3321120806,orWfcVNhZJ
OVAXUFTHbg,iPmVkDTezC,8480102465,TOKVkxwtxS
jsjlKPceqx,NYgQrFubdc,1744665326,AscsoTwjlh
LmhlSgPgcr,jjxJTuxQHU,1297623175,ClFtihVaXF
aXruuzaQhs,kZZLIZNWtR,6415090901,rOEqlUuiXn
lnWSNmhSzT,HnWSimcuHw,9312061158,xYtfaIFdZF
PoIpoCkpBM,nMEjTOVAEn,2561396411,POjrsqBkOz
LJtEPWIoNU,TqyjGnDXRX,6170458074,tGELvYxFyx
fNPYtiiQTG,awThiDIZiC,8439423749,WzZdXmviQU
iDpdpVlmIU,RMSdVaJpfw,7824792915,bAtfiREHUE
teMGtROprM,LKKcqwRHrU,1792311813,xhTVyeuciq
FtGXzLIaBg,iiUhvbTQrn,9520559150,rpELUnglzQ
ihAzJPePjB,imGFwEyPHu,4619779627,KpqExiWlEt
YmDhFWlAhH,FohXfFVsyP,1369951272,opckLLsVMg
DfXCDkwZmp,LNwKXRtvMT,1691929464,OrlZnmxcZF
wmvwQmxdIn,dqnxywMLvo,9359268610,VMMEYWAqSE
sRbpwvgfNk,AbDzfsvIbz,8591675820,gVgcJDjFQb
UYhSlNCxYH,IceSMpuGpO,1711587061,zauwtwgpet
bStWbjXeQH,FOofppfFls,9392903462,OgCZeYdDCu
bjjKrXpiLh,LrioFShVEW,2158149494,IMOCunajBU
uGTfwNvCOg,ZOnePsDNAF,8209262833,RWjoxlKntP
AHtiklDUFM,NrXUgQIzkN,7888272685,CVwSxTKzJT
uCYhTjtfQn,WWjTHnLXzJ,5003437374,zoEAYfDhYb
krilKtdIlR,eAWMUnwrNM,6554305339,mDaQLvdrgS
qeQvzdeWuc,JlhVwgBlGP,8934086377,wWbSaJVjND
oWamSosaRf,wsixeHojFR,1559377067,dgCeGuZxXQ
bRgSFoDFKn,sZGkyxmWZF,5061295845,PQnkSWWklv
bgytjXpoFA,gWjQTFGVVh,3180069484,vVqnFZUSTe
LVETcQBinz,pFkdHjbOtP,1314508048,yOjJPgzzID
YUnWkXGcYQ,nXmzYfDcCC,4568814072,PFkdciiBzi
mJulpqpuOx,UlxqMdhqhB,5575083031,UgeyvREGZR
KVJeFEURhn,tTvokhwaSQ,6539177731,TpmTkKlIhB
PAmbQmGoLW,HRbkmKOqAJ,9164198701,MjRzPdtMOL
WCXlrqrpQc,UwoRIowXeg,6900103456,caYzBpzOxB
gduwDHEBiG,SKFhHqFryc,9131129218,sGjsTDvkrq
mYlHFHetmu,TdXVlTmLZE,8148355268,ekdINVlXmK
MZuOrouHaB,ffMHRztXhp,1230857721,uCClPrrqLr
hJGQNmnRUe,uaYbGcnRNm,7075435129,lZHibwwyzZ
HDIjTfBzAL,qvTLCGKsuY,2092443931,tsuUVXjqrF
cMXxIgCuQK,UZFZCeLlEZ,1889941468,PLzoNpBJFV
qnDZRltvlj,PptZFWjYCc,6996271785,izjwrumfzZ
jXDxxylYfj,ZKcUpRvaDX,7975991574,LtLDaFuzrK
icsPHNaxRc,wqejmfYJCD,8433294687,fbwflTTwiH
pUHtvaWBiV,rzoToXvkHw,3669304879,ziugmmgiSH
EtnVOIEqRY,UoTMkMJbYh,6282824925,oBAzKnZqbP
UzyZJNPHtc,atqPfkEnCA,8052088588,nziSwpzZEt
SiOcgruTvb,XqboJzyyib,3073216371,kNVCLATiex
NIQyEaYXJy,pMUKGJXgnQ,4205710322,hyEhLbvwvP
nXhQsZKRsc,dEXhkOEpbM,1567631060,GbFnUDBySI
SGCSylZnyA,CAiJwHVCQz,7899894678,QnkcpuIgLq
MTGMdzPTtm,hbipzNWLTp,3891669425,CUAjUOtCKn
qCuNpiMFKH,AWbJIWzHZh,9957583413,WbUUCPlrLw
HlzSzQQfXT,hsfWANlevp,2977237371,WRbjatIREt
MttRrYhDoB,wPHDcKsHjQ,3600100276,QvRRzzIFCk
jkOBVedBkI,zmUlOShMij,5537947295,mjQJYiKImP
fmPdhALkMI,SVdIRxOHAF,6588368526,QdiSBqtSyz
vNejAuzakh,QVXMQvhEmG,4989916085,xPFlkkhsPZ
GnoQLfEqMI,qAbyhgoICs,6602578681,MefCESBMgD
UpkSFaYduD,QTjvzgbzTW,3396672006,gVgaMmJAsR
ccrwlgcEjy,lfKfJlnZOq,7021990223,RQWyYDnPFO
DPjcOKhRuB,xnQgKUgIcU,4841719207,XtriQRcQyG
JoEpFZXBVW,lcmGOHCMPy,7507958080,RUwSouKIFr
kslUCJBDtb,CRXLifGQBm,8024302916,JnNvKLQTqw
dQsqrGJYzk,xLIgZHYdRW,5012734015,pLjhSPNkAB
cUyIUlqygc,IhjSrvIcKb,7235548650,MAAirKDsmD
USmGmnnShO,xIBTLAfHIA,6678754261,XcEAWmhMcg
bCftZscrfk,gnkVYkfTyi,1278857247,vBAhLrTrKk
qXZRwXFXNi,KvUOOELEze,5914616073,lIgynpKyOQ
OqpNiUbyQa,LDbAXphkjP,2501139580,cKJpnQqdPD
yWbtlQRrka,AzTzbOWNDp,2300549494,SyrLmSYKcA
FpTGARAZxk,QOwdmYdykC,8952543705,lXwsMdIIee
ulkTKBLPyv,RNvPDgydua,1593746410,xARtjDTKme
cJlyClsDfS,sjORfwtyuG,4000195784,RzvsdeEhhd
WYVZghxsrA,wOoniOyTUD,9306024762,jnnantQJkE
GGISjWMJfj,OijfbsHUhH,6038369099,EdpgwZmQPE
EGRZVfSBHN,uhWsbQIyZM,5995685391,rcJnycVNGw
tXTzBqDrXi,aGftWRkyuP,8341557320,qgTGfEMiRC
niTlNBPBSb,PZXkEjRvHz,6046583447,rQvWYLUHgi
uBLlxfiYUo,GQrNEjxYSJ,3568041371,hoMoBtnLaT
HHLiizZwmb,gKWQElHpdg,6767629499,inytKJEPKK
EjIdCvYZsv,vXWcBWAgTZ,7079646059,YMvcDoUmio
MDsJwhdGQB,LPPuLQkzLs,1510589361,KHnaCIbdAO
xCsfumYrSz,YucRCBczFV,4171909688,ThAOskreaB
kOYzTcNvZk,WKylvNNLRh,6907692625,asaWhpMACA
vOwsChEEow,YtCUZKSQnt,9913976496,kLCepvmnQb
NewFirstName,,,
Name,LastName,1234567890,IIIT
NewFirstName,,0987654321,BITS
NewFirstName,,0987654321,BITS
NewFirstName,,0987654321,BITS
,,,
,,,
NewFirstName,,0987654321,BITS
